name	pool	seq	size	%gc	tm (use 65)
RSVA_1_LEFT	1	TTGGTTAGAGATGGGCAGCAAC	22	50	61.06
RSVA_1_RIGHT	1	AGGTCAAATCCAAGTAATTCAGATAATTGA	30	30	60.35
RSVA_2_LEFT	2	TGGCCTAATAGATGACAATTGTGAAA	26	34.62	59.55
RSVA_2_RIGHT	2	TGACCAGAAATGTAAATGTGGCCT	24	41.67	61.08
RSVA_3_LEFT	1	TCTAACCAGAGACATCATAACACATAAATT	30	30	59.95
RSVA_3_RIGHT	1	CCCATCTTTCATCTTATGTCTCTCCT	26	42.31	60.4
RSVA_4_LEFT	2	ACAACTTTATGCATAATCACACTCCA	26	34.62	59.78
RSVA_4_RIGHT	2	TGTTACATCCACTCCATTTGCCT	23	43.48	60.5
RSVA_5_LEFT	1	GCTATGTCTAGATTAGGAAGAGAAGACA	28	39.29	60.34
RSVA_5_RIGHT	1	TCCTTGGGTAATAAACCTTTATAACGTT	28	32.14	59.71
RSVA_6_LEFT	2	AGCAGCAGGAGATAGATCAGGT	22	50	60.61
RSVA_6_RIGHT	2	TGCTTTTGGGTTGTTCAATATATGGT	26	34.62	60.23
RSVA_7_LEFT	1	ATGGAACAAGTTGTGGAGGTGT	22	45.45	60.28
RSVA_7_RIGHT	1	CTTCTCCATGGAATTCAGGAGCA	23	47.83	60.63
RSVA_8_LEFT	2	TGACAGCAGAAGAACTAGAGGC	22	50	59.95
RSVA_8_RIGHT	2	TGAAAAAGGATTATCACTTGGCGT	24	37.5	59.56
RSVA_9_LEFT	1	AGATGATACTGTAGGGAACAAGCC	24	45.83	60.22
RSVA_9_RIGHT	1	TCATTCCTGAGTCTTGCCATAGC	23	47.83	60.69
RSVA_10_LEFT	2	GTGAAATACTAGGAATGCTTCACACA	26	38.46	60.06
RSVA_10_RIGHT	2	TTTTGGCTGGTTGGCTAATCAG	22	45.45	59.62
RSVA_11_LEFT	1	ACACAACACCAATAGAAAACCAACA	25	36	60.2
RSVA_11_RIGHT	1	TGCTAGCACTGCACTTCTTGAG	22	50	61.05
RSVA_12_LEFT	2	AGCCAATGTCAATATACTAGTGAAACAA	28	32.14	59.98
RSVA_12_RIGHT	2	TGGCATTTTTGAATTCAGTGGTTGT	25	36	61.01
RSVA_13_LEFT	1	ACCAACATACCTAAGATCCATCAGC	25	44	60.84
RSVA_13_RIGHT	1	TGAGTTTTGTTTGATTGATTGAACCAC	27	33.33	60.21
RSVA_14_LEFT	2	ACATCAATGAGTAGATTCATACAAACTTTC	30	30	59.57
RSVA_14_RIGHT	2	TGGAATACATTATATTCGCAGAGTTTGT	28	32.14	60.08
RSVA_15_LEFT	1	TCTGGCCTTACTTTACACTAATACACA	27	37.04	60.54
RSVA_15_RIGHT	1	AGATGATTGAGAGTGTCCCAGGT	23	47.83	61.09
RSVA_16_LEFT	2	GGGCAAATGCAAACATGTCCAA	22	45.45	60.99
RSVA_16_RIGHT	2	TTGTGGATTGTGGGGTTGACTC	22	50	60.93
RSVA_17_LEFT	1	CTTCTCCAATCTGTCCGGAACT	22	50	59.95
RSVA_17_RIGHT	1	TGATGGTTGGCTTTCCTGTAGG	22	50	60.47
RSVA_18_LEFT	2	ATCCAACCTGCTGGGCTATCT	21	52.38	61.09
RSVA_18_RIGHT	2	AGATTGTGATGGGTACTCGGATG	23	47.83	60.18
RSVA_19_LEFT	1	GCTATCCAAGCCCATCACAAGT	22	50	60.87
RSVA_19_RIGHT	1	AGTTATAACACTAGTATACCAACCAGTTCT	30	33.33	60.55
RSVA_20_LEFT	2	TCCAGTCAAAACATCACTGAAGAATT	26	34.62	59.89
RSVA_20_RIGHT	2	CAGGACCTTGGATACGGCAAT	21	52.38	60.24
RSVA_21_LEFT	1	ACACTCAACAATACCAAAAACACCA	25	36	60.2
RSVA_21_RIGHT	1	ACATATAAGTGCTTACAGGTGTAGTTAC	28	35.71	59.62
RSVA_22_LEFT	2	AGTTCCAACAAAAGAACAACAGACT	25	36	59.91
RSVA_22_RIGHT	2	TGTTTCAGCTTGTGGGAAAAAGG	23	43.48	60.37
RSVA_23_LEFT	1	CAACCAACACAAAGGAAGGATCC	23	47.83	60.25
RSVA_23_RIGHT	1	TACAGACACAGTATCCACCCCC	22	54.55	61.08
RSVA_24_LEFT	2	ACAGCATCCAATAAAAATCGTGGG	24	41.67	60.46
RSVA_24_RIGHT	2	GTGCTTCTGGCCTTGCAGTATA	22	50	60.86
RSVA_25_LEFT	1	TCCACCACAAATATCATGATAACTACCA	28	35.71	60.93
RSVA_25_RIGHT	1	TTGCAAGGATTCCTTCGTGACA	22	45.45	60.67
RSVA_26_LEFT	2	AACCATCTCACTTACACTTTTTAAGTAGA	29	31.03	59.71
RSVA_26_RIGHT	2	CAGTAAGGAGTTTGCTCATGGC	22	50	59.76
RSVA_27_LEFT	1	AGAGTATGCCCTCGGTGTAGTT	22	50	60.81
RSVA_27_RIGHT	1	GGAATTTATACTACAAGGATATTTGTCAGGT	31	32.26	60.51
RSVA_28_LEFT	2	AGCATAACCATCAATAACCCAAAAGA	26	34.62	59.78
RSVA_28_RIGHT	2	AGCAGAATTTCCGCTAATAATGGGA	25	40	61.08
RSVA_29_LEFT	1	AGTGTCATAATACTCAATCCTAATACTTACCA	32	31.25	60.95
RSVA_29_RIGHT	1	CTTTTTGAGTAAATTAGTAGTAGTAGTCTGTTC	33	30.3	59.8
RSVA_30_LEFT	2	GTCCTTAATATCCAAGTATCATAAAGGTGA	30	33.33	59.85
RSVA_30_RIGHT	2	AACCATGATGGAGGATGTTGCA	22	45.45	60.48
RSVA_31_LEFT	1	GCAGACAAAAATCAATCCACAAAACA	26	34.62	60.4
RSVA_31_RIGHT	1	ACATTATTGAATCCACATCTTAAGCCT	27	33.33	59.72
RSVA_32_LEFT	2	TCTTGACATGGAAAGATATTAGCCTTAGT	29	34.48	60.99
RSVA_32_RIGHT	2	ACTTACTCAATAGAATTATCCATCTGCCA	29	34.48	61.04
RSVA_33_LEFT	1	AAAAATCTGCTATCAAGAGTATGCCA	26	34.62	59.61
RSVA_33_RIGHT	1	TCCAACAAGGAAGGATAAGTGTTTAGT	27	37.04	60.92
RSVA_34_LEFT	2	ACAGATGGCCTACTTTAAGAAATGC	25	40	60.02
RSVA_34_RIGHT	2	ACATGATTCGGGTTGTTAAGATAACTT	27	33.33	59.88
RSVA_35_LEFT	1	CTGATAGTGATAAATCAAGAAGAGTATTAGAGT	33	30.3	60.1
RSVA_35_RIGHT	1	CGAAATGCTTGATTGAATTTGCTGA	25	36	60.03
RSVA_36_LEFT	2	AGCAGGAATAAGTAACAAATCAAATCGT	28	32.14	60.66
RSVA_36_RIGHT	2	TGTCACCATTAATTAAAGCAGTAATTGAGA	30	30	60.74
RSVA_37_LEFT	1	AGGGTGGTGTCAAAAACTATGGA	23	43.48	60.12
RSVA_37_RIGHT	1	TCTTGTGTCAAACTACCTATAGATTCTAGA	30	33.33	60.15
RSVA_38_LEFT	2	ACCCAGCTAGTATAAAGAAAGTCCTAA	27	37.04	59.88
RSVA_38_RIGHT	2	TGAACACAGAGTGAACTATAGCCT	24	41.67	59.55
RSVA_39_LEFT	1	ATTTGCCCATGTTATTTGGTGGT	23	39.13	59.67
RSVA_39_RIGHT	1	CTGCATAATATCATTAAGATCTATCTCTGTAGT	33	30.3	60.06
RSVA_40_LEFT	2	TAGACTGGCAGTTACCGAGGTT	22	50	61
RSVA_40_RIGHT	2	GGATAAAGACCAAGATCTTTCTCTAACG	28	39.29	60.34
RSVA_41_LEFT	1	ACCATTAGATTGTAACAGAGATAAAAGAGA	30	30	59.51
RSVA_41_RIGHT	1	AACCCAAGAGTTCCTATGCTAAGT	24	41.67	59.79
RSVA_42_LEFT	2	TCTATTAGCAAAATTGGATTGGGTGT	26	34.62	59.78
RSVA_42_RIGHT	2	TGGGAGGTTTCATCAAATGTATCTCA	26	38.46	60.74
RSVA_43_LEFT	1	AGCTTTGGCCTTAGCTTAATGTCT	24	41.67	60.89
RSVA_43_RIGHT	1	TGATCAGTTATATATCCCTCTCCCCA	26	42.31	60.46
RSVA_44_LEFT	2	ACTAATTTAGCTGGACATTGGATTCTT	27	33.33	59.66
RSVA_44_RIGHT	2	TAACAACCCAAGGGCAAACTGT	22	45.45	60.81
RSVA_45_LEFT	1	ACATAGAGTGAAGGGATGTCATAGC	25	44	60.37
RSVA_45_RIGHT	1	ACCTATACAATAGTCACTCAGTGTCTT	27	37.04	59.88
RSVA_46_LEFT	2	AGGATTGCTAATTCCGAATTAGAAAGT	27	33.33	59.72
RSVA_46_RIGHT	2	CAACCTGTAGAACTAAATACAAAATTGAATCTG	33	30.3	61.11
RSVA_47_LEFT	1	CTTCTCATCAAATATCCTTAGTGCACA	27	37.04	59.99
RSVA_47_RIGHT	1	ACAAAAAGATTGATAGGTTCAGCAAACT	28	32.14	60.97
RSVA_48_LEFT	2	GGTGAAAATTTGACCATTCCTGCTA	25	40	60.43
RSVA_48_RIGHT	2	GGCATGATGAAATTTTTGGTTCTTGA	26	34.62	60.01
RSVA_49_LEFT	1	GGTCCTGCAAATGTGTTCCCA	21	52.38	61.2
RSVA_49_RIGHT	1	GGTTGTCAAGCTGTTTAACAATTCAC	26	38.46	60.45
RSVA_50_LEFT	2	AGAGTGTTGTTAGTGGAGATATACTATCA	29	34.48	59.91
RSVA_50_RIGHT	2	CCTAGATCAAAATGATAATTTTAGGATTGGTTC	33	30.3	60.68
